{
  "baseline": {
    "metrics": {
      "sex": {
        "demographic_parity_diff": 0.0625,
        "disparate_impact": 0.75,
        "approval_rates": {
          "F": 0.1875,
          "M": 0.25
        },
        "equalized_odds_diff": 0.11627906976744186,
        "tpr_by_group": {
          "F": 0.8181818181818182,
          "M": 0.8888888888888888
        },
        "fpr_by_group": {
          "F": 0.0,
          "M": 0.11627906976744186
        }
      },
      "race": {
        "demographic_parity_diff": 0.14035087719298245,
        "disparate_impact": 0.5789473684210527,
        "approval_rates": {
          "Asian": 0.3333333333333333,
          "White": 0.19298245614035087,
          "Hispanic": 0.25,
          "Black": 0.23076923076923078
        },
        "equalized_odds_diff": 0.25,
        "tpr_by_group": {
          "Asian": 1.0,
          "White": 0.8333333333333334,
          "Hispanic": 0.75,
          "Black": 1.0
        },
        "fpr_by_group": {
          "Asian": 0.0,
          "White": 0.022222222222222223,
          "Hispanic": 0.15,
          "Black": 0.09090909090909091
        }
      }
    },
    "passed": false,
    "model_performance": {
      "auc": 0.96875,
      "avg_precision": 0.9035367703761668,
      "accuracy": 0.92,
      "precision": 0.7727272727272727,
      "recall": 0.85,
      "f1": 0.8095238095238095,
      "confusion_matrix": [
        [
          75,
          5
        ],
        [
          3,
          17
        ]
      ],
      "roc_curve": {
        "fpr": [
          0.0,
          0.0,
          0.0,
          0.0125,
          0.0125,
          0.0375,
          0.0375,
          0.075,
          0.075,
          0.275,
          0.275,
          1.0
        ],
        "tpr": [
          0.0,
          0.05,
          0.55,
          0.55,
          0.6,
          0.6,
          0.85,
          0.85,
          0.95,
          0.95,
          1.0,
          1.0
        ]
      },
      "pr_curve": {
        "precision": [
          0.2,
          0.20202020202020202,
          0.20408163265306123,
          0.20618556701030927,
          0.20833333333333334,
          0.21052631578947367,
          0.2127659574468085,
          0.21505376344086022,
          0.21739130434782608,
          0.21978021978021978,
          0.2222222222222222,
          0.2247191011235955,
          0.22727272727272727,
          0.22988505747126436,
          0.23255813953488372,
          0.23529411764705882,
          0.23809523809523808,
          0.24096385542168675,
          0.24390243902439024,
          0.24691358024691357,
          0.25,
          0.25316455696202533,
          0.2564102564102564,
          0.2597402597402597,
          0.2631578947368421,
          0.26666666666666666,
          0.2702702702702703,
          0.273972602739726,
          0.2777777777777778,
          0.28169014084507044,
          0.2857142857142857,
          0.2898550724637681,
          0.29411764705882354,
          0.29850746268656714,
          0.30303030303030304,
          0.3076923076923077,
          0.3125,
          0.31746031746031744,
          0.3225806451612903,
          0.32786885245901637,
          0.3333333333333333,
          0.3389830508474576,
          0.3448275862068966,
          0.3508771929824561,
          0.35714285714285715,
          0.36363636363636365,
          0.37037037037037035,
          0.37735849056603776,
          0.38461538461538464,
          0.39215686274509803,
          0.4,
          0.40816326530612246,
          0.4166666666666667,
          0.425531914893617,
          0.43478260869565216,
          0.4444444444444444,
          0.45454545454545453,
          0.46511627906976744,
          0.47619047619047616,
          0.4634146341463415,
          0.475,
          0.48717948717948717,
          0.5,
          0.5135135135135135,
          0.5277777777777778,
          0.5428571428571428,
          0.5588235294117647,
          0.5757575757575758,
          0.59375,
          0.6129032258064516,
          0.6333333333333333,
          0.6551724137931034,
          0.6785714285714286,
          0.7037037037037037,
          0.7307692307692307,
          0.76,
          0.75,
          0.7391304347826086,
          0.7727272727272727,
          0.8095238095238095,
          0.85,
          0.8421052631578947,
          0.8333333333333334,
          0.8235294117647058,
          0.8125,
          0.8,
          0.8571428571428571,
          0.9230769230769231,
          0.9166666666666666,
          1.0,
          1.0,
          1.0,
          1.0,
          1.0,
          1.0,
          1.0,
          1.0,
          1.0,
          1.0,
          1.0,
          1.0
        ],
        "recall": [
          1.0,
          1.0,
          1.0,
          1.0,
          1.0,
          1.0,
          1.0,
          1.0,
          1.0,
          1.0,
          1.0,
          1.0,
          1.0,
          1.0,
          1.0,
          1.0,
          1.0,
          1.0,
          1.0,
          1.0,
          1.0,
          1.0,
          1.0,
          1.0,
          1.0,
          1.0,
          1.0,
          1.0,
          1.0,
          1.0,
          1.0,
          1.0,
          1.0,
          1.0,
          1.0,
          1.0,
          1.0,
          1.0,
          1.0,
          1.0,
          1.0,
          1.0,
          1.0,
          1.0,
          1.0,
          1.0,
          1.0,
          1.0,
          1.0,
          1.0,
          1.0,
          1.0,
          1.0,
          1.0,
          1.0,
          1.0,
          1.0,
          1.0,
          1.0,
          0.95,
          0.95,
          0.95,
          0.95,
          0.95,
          0.95,
          0.95,
          0.95,
          0.95,
          0.95,
          0.95,
          0.95,
          0.95,
          0.95,
          0.95,
          0.95,
          0.95,
          0.9,
          0.85,
          0.85,
          0.85,
          0.85,
          0.8,
          0.75,
          0.7,
          0.65,
          0.6,
          0.6,
          0.6,
          0.55,
          0.55,
          0.5,
          0.45,
          0.4,
          0.35,
          0.3,
          0.25,
          0.2,
          0.15,
          0.1,
          0.05,
          0.0
        ]
      }
    }
  },
  "reweighing": {
    "metrics": {
      "sex": {
        "demographic_parity_diff": 0.02243589743589744,
        "disparate_impact": 0.9027777777777778,
        "approval_rates": {
          "F": 0.20833333333333334,
          "M": 0.23076923076923078
        },
        "equalized_odds_diff": 0.07070707070707061,
        "tpr_by_group": {
          "F": 0.8181818181818182,
          "M": 0.8888888888888888
        },
        "fpr_by_group": {
          "F": 0.02702702702702703,
          "M": 0.09302325581395349
        }
      },
      "race": {
        "demographic_parity_diff": 0.12499999999999997,
        "disparate_impact": 0.6250000000000001,
        "approval_rates": {
          "Asian": 0.3333333333333333,
          "White": 0.21052631578947367,
          "Hispanic": 0.20833333333333334,
          "Black": 0.23076923076923078
        },
        "equalized_odds_diff": 0.25,
        "tpr_by_group": {
          "Asian": 1.0,
          "White": 0.8333333333333334,
          "Hispanic": 0.75,
          "Black": 1.0
        },
        "fpr_by_group": {
          "Asian": 0.0,
          "White": 0.044444444444444446,
          "Hispanic": 0.1,
          "Black": 0.09090909090909091
        }
      }
    },
    "passed": false,
    "model_performance": {
      "auc": 0.9681249999999999,
      "avg_precision": 0.9082117289029055,
      "accuracy": 0.92,
      "precision": 0.7727272727272727,
      "recall": 0.85,
      "f1": 0.8095238095238095,
      "confusion_matrix": [
        [
          75,
          5
        ],
        [
          3,
          17
        ]
      ],